name,company,apply,from
Python Software Engineer (Data Pipeline),Bloomreach,https://stackoverflow.com//jobs/524987/python-software-engineer-data-pipeline-bloomreach,Stack-OverFlow
Python Full-Stack Software Engineer,Steeprock Inc,https://stackoverflow.com//jobs/530560/python-full-stack-software-engineer-steeprock-inc,Stack-OverFlow
Principal Software Engineer (Python/APIs),Belvo Technologies,https://stackoverflow.com//jobs/546720/principal-software-engineer-python-apis-belvo-technologies,Stack-OverFlow
"Remote Senior Software Engineer, Python / AWS",Verys,https://stackoverflow.com//jobs/551031/remote-senior-software-engineer-python-aws-verys,Stack-OverFlow
"Senior Python Engineer, Backend (Remote)",AssemblyAI,https://stackoverflow.com//jobs/540026/senior-python-engineer-backend-remote-assemblyai,Stack-OverFlow
Back-End Developer (i.e. Python),Imaginary Cloud,https://stackoverflow.com//jobs/550208/back-end-developer-ie-python-imaginary-cloud,Stack-OverFlow
Senior Python/Django Full-stack Developer,Apicbase Belgium,https://stackoverflow.com//jobs/545356/senior-python-django-full-stack-developer-apicbase-belgium,Stack-OverFlow
"Senior Software Engineer - Full-stack (Python, React)",Invitae Corporation,https://stackoverflow.com//jobs/522534/senior-software-engineer-full-stack-python-invitae-corporation,Stack-OverFlow
Python and Javascript Full-stack Engineer,Overloop,https://stackoverflow.com//jobs/549896/python-and-javascript-full-stack-engineer-overloop,Stack-OverFlow
Back-end developer (Python),Nolk,https://stackoverflow.com//jobs/547896/back-end-developer-python-nolk,Stack-OverFlow
Senior Backend Engineer - Python - México,Cornershop by Uber,https://stackoverflow.com//jobs/526139/senior-backend-engineer-python-m%C3%A9xico-cornershop-by-uber,Stack-OverFlow
Python Developer,Applaudo Studios,https://stackoverflow.com//jobs/551197/python-developer-applaudo-studios,Stack-OverFlow
Contract Senior Developer - Python / React (FilmTech),We Got POP Ltd,https://stackoverflow.com//jobs/531069/contract-senior-developer-python-react-we-got-pop-ltd,Stack-OverFlow
Python Developer (Remote),X-Team,https://stackoverflow.com//jobs/534454/python-developer-remote-x-team,Stack-OverFlow
Sr. Python Developer,ProQuest,https://stackoverflow.com//jobs/550907/sr-python-developer-proquest,Stack-OverFlow
Sr. Fullstack Python Engineer at Top Marketplace,StyleSeat,https://stackoverflow.com//jobs/522691/sr-fullstack-python-engineer-at-top-marketplace-styleseat,Stack-OverFlow
(Junior) Software Developer Python (m/w/d),Univention GmbH,https://stackoverflow.com//jobs/550381/junior-software-developer-python-m-w-d-univention-gmbh,Stack-OverFlow
Backend Engineer - Python,Everli,https://stackoverflow.com//jobs/516456/backend-engineer-python-everli,Stack-OverFlow
Senior Software Developer (Python) for a London-based online furniture retailer,Pentalog,https://stackoverflow.com//jobs/536628/senior-software-developer-python-for-a-london-pentalog,Stack-OverFlow
Python Developer (Remote),Finsera,https://stackoverflow.com//jobs/524065/python-developer-remote-finsera,Stack-OverFlow
Senior Python/Django Full-stack Developer,Apicbase Belgium,https://stackoverflow.com//jobs/515716/senior-python-django-full-stack-developer-apicbase-belgium,Stack-OverFlow
Senior Python Back End Engineer - Tech Lead (Remote-LatAm),Loadsmart,https://stackoverflow.com//jobs/508341/senior-python-back-end-engineer-tech-lead-loadsmart,Stack-OverFlow
"SENIOR FULL-STACK DEV WITH RUBY / PYTHON / REACT NATIVE -- 100% REMOTE, FLEXIBLE",Analytics Fire,https://stackoverflow.com//jobs/517987/senior-full-stack-dev-with-ruby-python-react-analytics-fire,Stack-OverFlow
Full Stack Engineer - Javascript/Python,Zumper,https://stackoverflow.com//jobs/446582/full-stack-engineer-javascript-python-zumper,Stack-OverFlow
"Senior Open Source Developer & DevOps (Python, Django, AWS, OpenStack)",OpenCraft,https://stackoverflow.com//jobs/453430/senior-open-source-developer-devops-python-opencraft,Stack-OverFlow
Python Software Engineer (Data Pipeline),Bloomreach,https://stackoverflow.com//jobs/524987/python-software-engineer-data-pipeline-bloomreach,Stack-OverFlow
"Senior backend engineer (Python, Postgres, remote)",Gridium,https://stackoverflow.com//jobs/545699/senior-backend-engineer-python-postgres-remote-gridium,Stack-OverFlow
"(Senior) Software Engineer with Python - Quick Commerce, remote team (f/m/d)",Delivery Hero SE,https://stackoverflow.com//jobs/545025/senior-software-engineer-with-python-quick-delivery-hero-se,Stack-OverFlow
"Senior Open Source Developer & DevOps (Python, Django, AWS, OpenStack)",OpenCraft,https://stackoverflow.com//jobs/453430/senior-open-source-developer-devops-python-opencraft,Stack-OverFlow
"Python Back End Developer (FastAPI, Django, Celery)","Daupler, Inc.",https://stackoverflow.com//jobs/523350/python-back-end-developer-fastapi-django-daupler-inc,Stack-OverFlow
Software Engineer II (Python and Angular),Western Governors University,https://stackoverflow.com//jobs/537887/software-engineer-ii-python-and-angular-western-governors-university,Stack-OverFlow
"Engineering Manager (Python) - Quick Commerce, remote team (f/m/d)",Delivery Hero SE,https://stackoverflow.com//jobs/545030/engineering-manager-python-quick-commerce-delivery-hero-se,Stack-OverFlow
Python/Django Developer (f/m/d),TeleClinic GmbH,https://stackoverflow.com//jobs/514324/python-django-developer-f-m-d-teleclinic-gmbh,Stack-OverFlow
"Data Engineer (Python, ETL)",Finsera,https://stackoverflow.com//jobs/536631/data-engineer-python-etl-finsera,Stack-OverFlow
"Senior Software Engineer, Integration QA, Python",Canonical,https://stackoverflow.com//jobs/519661/senior-software-engineer-integration-qa-python-canonical,Stack-OverFlow
Software Engineer (Java/Python),ComplyAdvantage,https://stackoverflow.com//jobs/528544/software-engineer-java-python-complyadvantage,Stack-OverFlow
Senior Python Developer (100% Remote),Western Governors University,https://stackoverflow.com//jobs/538135/senior-python-developer-100-remote-western-governors-university,Stack-OverFlow
Senior Software Engineer - Python,DIGARC,https://stackoverflow.com//jobs/497630/senior-software-engineer-python-digarc,Stack-OverFlow
Senior Python Engineer,Huxley Banking & Financial ServicesviaHuxley (US),https://stackoverflow.com//jobs/524663/senior-python-engineer-huxley-banking-financial,Stack-OverFlow
Experienced Python Software Developer for our Partner ADSPERT (Berlin or remote),solute GmbH,https://stackoverflow.com//jobs/547853/experienced-python-software-developer-for-our-solute-gmbh,Stack-OverFlow
Senior Software Engineer (Java/Python - Data Insights),ComplyAdvantage,https://stackoverflow.com//jobs/528607/senior-software-engineer-java-python-data-complyadvantage,Stack-OverFlow
Python Developer,Zyte (formerly Scrapinghub),https://stackoverflow.com//jobs/513698/python-developer-zyte-formerly-scrapinghub,Stack-OverFlow
"Senior .Net Developer for ML, Computer Vision and Python Algorithm development",MapLarge,https://stackoverflow.com//jobs/165235/senior-net-developer-for-ml-computer-vision-and-maplarge,Stack-OverFlow
React or Angular Front-end developer (Remote),Soshace LLC,https://stackoverflow.com//jobs/545624/react-or-angular-front-end-developer-remote-soshace-llc,Stack-OverFlow
PHP/Laravel Developer (Remote),Soshace LLC,https://stackoverflow.com//jobs/545674/php-laravel-developer-remote-soshace-llc,Stack-OverFlow
Node.js Developer (Remote),Soshace LLC,https://stackoverflow.com//jobs/545625/nodejs-developer-remote-soshace-llc,Stack-OverFlow
Cloud Automation Engineer,tribe29 GmbH,https://stackoverflow.com//jobs/547843/cloud-automation-engineer-tribe29-gmbh,Stack-OverFlow
Site Reliability Engineer - Managed Attribution,Flashpoint,https://stackoverflow.com//jobs/549148/site-reliability-engineer-managed-attribution-flashpoint,Stack-OverFlow
"Senior Software Engineer, Mobile (Remote)",Brex,https://stackoverflow.com//jobs/525274/senior-software-engineer-mobile-remote-brex,Stack-OverFlow
"Software Engineer, Product (Remote)",Brex,https://stackoverflow.com//jobs/525268/software-engineer-product-remote-brex,Stack-OverFlow
Senior Backend Engineer,Tessian,https://stackoverflow.com//jobs/547940/senior-backend-engineer-tessian,Stack-OverFlow
"Software Engineer, Data (Remote)",Brex,https://stackoverflow.com//jobs/525270/software-engineer-data-remote-brex,Stack-OverFlow
"Software Engineer, Frontend (Remote)",Brex,https://stackoverflow.com//jobs/525275/software-engineer-frontend-remote-brex,Stack-OverFlow
Senior Full-stack Engineer,"ApolloFactor, Inc",https://stackoverflow.com//jobs/521213/senior-full-stack-engineer-apollofactor-inc,Stack-OverFlow
Fully Remote Senior Cloud Software Engineer (Kubernetes Operator Team) - MariaDB,MariaDBviaSource Coders,https://stackoverflow.com//jobs/550265/fully-remote-senior-cloud-software-engineer-mariadb,Stack-OverFlow
Backend Engineer,Tessian,https://stackoverflow.com//jobs/547936/backend-engineer-tessian,Stack-OverFlow
Backend Software Engineer - SDVI Rally Core,SDVI,https://stackoverflow.com//jobs/451625/backend-software-engineer-sdvi-rally-core-sdvi,Stack-OverFlow
Senior Software Engineer (f/m/d) for something meaningful,Plantix,https://stackoverflow.com//jobs/434316/senior-software-engineer-f-m-d-for-something-plantix,Stack-OverFlow
Intertoob Scanner Builder (Fullstack Engineer),Carve Systems,https://stackoverflow.com//jobs/517498/intertoob-scanner-builder-fullstack-engineer-carve-systems,Stack-OverFlow
Fully Remote Mid-Level or Staff Software Engineer - Platform9,Platform9viaSource Coders,https://stackoverflow.com//jobs/545080/fully-remote-mid-level-or-staff-software-engineer-platform9,Stack-OverFlow
Fully Remote Senior or Lead DevOps Engineer - Platform9,Platform9viaSource Coders,https://stackoverflow.com//jobs/545092/fully-remote-senior-or-lead-devops-engineer-platform9,Stack-OverFlow
Senior Backend Engineer,Zumper,https://stackoverflow.com//jobs/446579/senior-backend-engineer-zumper,Stack-OverFlow
Senior Full-stack Django and React Developer,Scalable Path,https://stackoverflow.com//jobs/550435/senior-full-stack-django-and-react-developer-scalable-path,Stack-OverFlow
Backend Software Engineer,Hummingbot,https://stackoverflow.com//jobs/537131/backend-software-engineer-hummingbot,Stack-OverFlow
Senior Software Engineer - Web Services (Remote),Canonical,https://stackoverflow.com//jobs/548614/senior-software-engineer-web-services-remote-canonical,Stack-OverFlow
Sr. Full Stack Engineer - MobileCoin (Unicorn Startup): Cryptocurrency Platform,MobileCoinviaSource Coders,https://stackoverflow.com//jobs/549143/sr-full-stack-engineer-mobilecoin-unicorn-mobilecoin,Stack-OverFlow
React Front End Developer,"Daupler, Inc.",https://stackoverflow.com//jobs/523351/react-front-end-developer-daupler-inc,Stack-OverFlow
Fullstack Developer (f/m/d),TeleClinic GmbH,https://stackoverflow.com//jobs/508937/fullstack-developer-f-m-d-teleclinic-gmbh,Stack-OverFlow
Senior Software Engineer,Jelli,https://stackoverflow.com//jobs/531576/senior-software-engineer-jelli,Stack-OverFlow
"Sr. Software Engineer, Data at Top Marketplace",StyleSeat,https://stackoverflow.com//jobs/542192/sr-software-engineer-data-at-top-marketplace-styleseat,Stack-OverFlow
Software Engineer (Full Stack),Parenthetic,https://stackoverflow.com//jobs/527828/software-engineer-full-stack-parenthetic,Stack-OverFlow
"Remote Senior Software Engineer, Golang",Verys,https://stackoverflow.com//jobs/551032/remote-senior-software-engineer-golang-verys,Stack-OverFlow
(Senior) Backend Engineer at mobility start-up (m/f/x) - Munich or Remote,FINN,https://stackoverflow.com//jobs/331741/senior-backend-engineer-at-mobility-start-up-m-finn,Stack-OverFlow
Software Developer,Omnivore Technologies,https://stackoverflow.com//jobs/522531/software-developer-omnivore-technologies,Stack-OverFlow
Backend Developer (Django),Self Decode,https://stackoverflow.com//jobs/529107/backend-developer-django-self-decode,Stack-OverFlow
Django Backend Developer,Chaturbate,https://stackoverflow.com//jobs/544134/django-backend-developer-chaturbate,Stack-OverFlow
Backend Developer (Django),Self Decode,https://stackoverflow.com//jobs/529107/backend-developer-django-self-decode,Stack-OverFlow
Cloud Engineer (all genders),Meshcloud GmbH,https://stackoverflow.com//jobs/544503/cloud-engineer-all-genders-meshcloud-gmbh,Stack-OverFlow
"Experienced Software Engineer, Backend (Healthtech, Remote Options, Equity)",WELL Health Inc.,https://stackoverflow.com//jobs/549971/experienced-software-engineer-backend-well-health-inc,Stack-OverFlow
"Backend Developer (Node.js, Postgres, AWS)",Fretello GmbH,https://stackoverflow.com//jobs/533110/backend-developer-nodejs-postgres-aws-fretello-gmbh,Stack-OverFlow
Elixir Developer willing to revolutionalize the Finance sector through APIs,Isabel Group,https://stackoverflow.com//jobs/537664/elixir-developer-willing-to-revolutionalize-the-isabel-group,Stack-OverFlow
(Senior) Backend Engineer at mobility start-up (m/f/x) - Munich or Remote,FINN,https://stackoverflow.com//jobs/331741/senior-backend-engineer-at-mobility-start-up-m-finn,Stack-OverFlow
Senior Full Stack Engineer at Leading Education Company,Tynker,https://stackoverflow.com//jobs/494562/senior-full-stack-engineer-at-leading-education-tynker,Stack-OverFlow
Software Developer Frontend (m/w/d) Javascript,solute GmbH,https://stackoverflow.com//jobs/283761/software-developer-frontend-m-w-d-javascript-solute-gmbh,Stack-OverFlow
.Net Software Developer,Geotab,https://stackoverflow.com//jobs/528786/net-software-developer-geotab,Stack-OverFlow
Senior Full-Stack Engineer (m/f/d) - SAP Business Process Intelligence,Signavio,https://stackoverflow.com//jobs/542181/senior-full-stack-engineer-m-f-d-sap-business-signavio,Stack-OverFlow
Full Stack Developer (Django + React),Self Decode,https://stackoverflow.com//jobs/524866/full-stack-developer-django-plus-react-self-decode,Stack-OverFlow
Senior Software Engineer (PHP),PSP Media,https://stackoverflow.com//jobs/486921/senior-software-engineer-php-psp-media,Stack-OverFlow
Senior Backend Engineer,"Metova, Inc.",https://stackoverflow.com//jobs/548139/senior-backend-engineer-metova-inc,Stack-OverFlow
Site Reliability Engineering Lead (Remote),Hotjar,https://stackoverflow.com//jobs/545198/site-reliability-engineering-lead-remote-hotjar,Stack-OverFlow
"Engineering Experience, Senior Software Engineer (Remote)",Hotjar,https://stackoverflow.com//jobs/528857/engineering-experience-senior-software-engineer-hotjar,Stack-OverFlow
C++ Software Engineer,Percona Staffing LLC,https://stackoverflow.com//jobs/545920/c-plus-plus-software-engineer-percona-staffing-llc,Stack-OverFlow
Senior Django Developer,AppEvolve,https://stackoverflow.com//jobs/545529/senior-django-developer-appevolve,Stack-OverFlow
Experienced Software Engineer,Outschool,https://stackoverflow.com//jobs/550915/experienced-software-engineer-outschool,Stack-OverFlow
Founding Software Engineer - Backend (Rasgo),Unusual Ventures,https://stackoverflow.com//jobs/485991/founding-software-engineer-backend-rasgo-unusual-ventures,Stack-OverFlow
Senior Data Engineer (m/w/d) All Locations | Remote,Mercateo Group,https://stackoverflow.com//jobs/550875/senior-data-engineer-m-w-d-all-locations-mercateo-group,Stack-OverFlow
Lead Backend Developer - Elixir,PandaScore,https://stackoverflow.com//jobs/540762/lead-backend-developer-elixir-pandascore,Stack-OverFlow
Full stack software engineer,Ailo,https://stackoverflow.com//jobs/372382/full-stack-software-engineer-ailo,Stack-OverFlow
Senior Backend Engineer @ Number One Safety App In the World,Citizen,https://stackoverflow.com//jobs/499674/senior-backend-engineer-number-one-safety-app-citizen,Stack-OverFlow
Senior Software Engineer - Frontend,Juni Technology AB,https://stackoverflow.com//jobs/482429/senior-software-engineer-frontend-juni-technology-ab,Stack-OverFlow
Senior Open Source Software Engineer (Python),Ethyca,https://weworkremotely.com/remote-jobs/ethyca-senior-open-source-software-engineer-python-1,Wework-Remotely
Senior Full Stack Developer (Python / Vue.js),Listing Mirror,https://weworkremotely.com/remote-jobs/listing-mirror-senior-full-stack-developer-python-vue-js,Wework-Remotely
"Senior Open Source Developer & DevOps (Python, Django, React, AWS/OpenStack)",OpenCraft,https://weworkremotely.com/remote-jobs/opencraft-senior-open-source-developer-devops-python-django-react-aws-openstack,Wework-Remotely
Fullstack engineer (Python preferred),IGotAnOffer,https://weworkremotely.com/remote-jobs/igotanoffer-fullstack-engineer-python-preferred,Wework-Remotely
Senior Python Engineer,Shake,https://weworkremotely.com/remote-jobs/shake-senior-python-engineer,Wework-Remotely
"Software Engineer - Python, Remote",Myagi,https://weworkremotely.com/remote-jobs/myagi-software-engineer-python-remote-1,Wework-Remotely
Mid-level Python Engineer,Shake,https://weworkremotely.com/remote-jobs/shake-mid-level-python-engineer,Wework-Remotely
Senior Python Developer (Fully Remote) ,JBS Solutions,https://weworkremotely.com/remote-jobs/jbs-solutions-senior-python-developer-fully-remote,Wework-Remotely
(Senior) Python Full Stack Software Developer,Optimile,https://weworkremotely.com/remote-jobs/optimile-senior-python-full-stack-software-developer,Wework-Remotely
Python Developer,RemoteMore,https://weworkremotely.com/remote-jobs/remotemore-python-developer,Wework-Remotely
Senior Back-end Developer (Python),Input Logic,https://weworkremotely.com/remote-jobs/input-logic-senior-back-end-developer-python,Wework-Remotely
Backend Developer Python (Django) (m/w/d) - 100% remote,Freezingdata GmbH,https://weworkremotely.com/remote-jobs/freezingdata-gmbh-backend-developer-python-django-m-w-d-100-remote,Wework-Remotely
Python Developer,X-Team,https://weworkremotely.com/remote-jobs/x-team-python-developer-2,Wework-Remotely
Senior Backend Engineer (Python/FastAPI),Ren Systems,https://weworkremotely.com/remote-jobs/ren-systems-senior-backend-engineer-python-fastapi,Wework-Remotely
Senior Python Developer - Remote,Ebury,https://weworkremotely.com/remote-jobs/ebury-senior-python-developer-remote-1,Wework-Remotely
Backend Developer (Python),Skuad.io,https://weworkremotely.com/remote-jobs/skuad-io-backend-developer-python,Wework-Remotely
Senior Software Engineer (Python),Noteable,https://weworkremotely.com/remote-jobs/noteable-senior-software-engineer-python,Wework-Remotely
Clojure Developer,Gower St,https://remoteok.io/remote-jobs/106035-remote-clojure-developer-gower-st,Remoteok
Python Developer,Ampcontrol,https://remoteok.io/remote-jobs/106033-remote-python-developer-ampcontrol,Remoteok
Senior Fullstack Developer,SellerLot,https://remoteok.io/remote-jobs/106029-remote-senior-fullstack-developer-sellerlot,Remoteok
Senior Software Engineer,Administrate,https://remoteok.io/remote-jobs/102166-remote-senior-software-engineer-administrate,Remoteok
Python Engineer,Somus OÜ,https://remoteok.io/remote-jobs/105943-remote-python-engineer-somus-ou,Remoteok
DevOps Engineer,Tucows,https://remoteok.io/remote-jobs/105928-remote-devops-engineer-tucows,Remoteok
Senior Software Engineer,Tucows,https://remoteok.io/remote-jobs/105913-remote-senior-software-engineer-tucows,Remoteok
Intermediate DevOps Engineer,Tucows,https://remoteok.io/remote-jobs/105910-remote-intermediate-devops-engineer-tucows,Remoteok
Full Stack Engineer,Real Vision,https://remoteok.io/remote-jobs/105894-remote-full-stack-engineer-real-vision,Remoteok
Perl Software Developer,Tucows,https://remoteok.io/remote-jobs/105824-remote-perl-software-developer-tucows,Remoteok
Senior Software Engineer,Tucows,https://remoteok.io/remote-jobs/105823-remote-senior-software-engineer-tucows,Remoteok
Software Engineer,Tucows,https://remoteok.io/remote-jobs/105822-remote-software-engineer-tucows,Remoteok
Senior Backend Python Developer,Laskie,https://remoteok.io/remote-jobs/105780-remote-senior-backend-python-developer-laskie,Remoteok
Software Engineer,Cash Flow Portal,https://remoteok.io/remote-jobs/105770-remote-software-engineer-cash-flow-portal,Remoteok
Senior Software Engineer,UpLift,https://remoteok.io/remote-jobs/105729-remote-senior-software-engineer-uplift,Remoteok
Senior Software Engineer,Iterative,https://remoteok.io/remote-jobs/99244-remote-senior-software-engineer-iterative,Remoteok
